,year,oil_index,mineral_index,country,oil_prod,oil_ex,oil_im,oil_reim,oil_reex,mineral_ex,mineral_im,mineral_reim,mineral_reex,Administrative fees for government services,Bonuses,Compulsory transfers to government (infrastructure and other),Customs and other import duties,Delivered/paid directly to government,Delivered/paid to state-owned enterprise(s),Dividends,Emission and pollution taxes,Excise taxes,"Extraordinary taxes on income, profits and capital gains","Fines, penalties, and forfeits",From government participation (equity),From state-owned enterprises,"General taxes on goods and services (VAT, sales tax, turnover tax)",Licence fees,Motor vehicle taxes,"Ordinary taxes on income, profits and capital gains",Other rent payments,Other taxes payable by natural resource companies,Profits of natural resource export monopolies,Rent,Revenues not classified,Royalties,Sales of goods and services by government units,Social security employer contributions,Taxes on exports,Taxes on payroll and workforce,Taxes on property,Voluntary transfers to government (donations),Withdrawals from income of quasi-corporations,total_revenue,oil_prod_USD,ratio_rev_oilprod
1,2009,61.74,136.5303027,Albania,5.328767123,83219127,31438446,0,0,65044599,329099,0,0,0,211074,0,0,0,0,0,0,0,0,0,0,0,0,0,0,874235,129954,0,0,0,0,9168449,0,0,0,0,0,0,0,10383712,120084300,0.086470188
2,2010,79.61,202.3197645,Albania,10.84383562,162736020,13047443,0,0,107608540,1449435,0,0,0,429194,0,0,0,0,0,0,0,0,0,0,0,0,0,0,4520646,217298,2681308,0,0,0,30452899,0,0,0,0,0,0,0,38301345,315096380.1,0.12155438
3,2011,111.26,229.7191412,Albania,15.51506849,314104512,20463530,0,0,109400486,2649275,0,0,0,1119702,0,0,0,34823823,0,0,0,0,0,0,0,0,0,0,10502104,0,0,0,0,0,44739160,0,0,0,0,0,0,0,91184789,630065379.9,0.144722741
4,2012,111.63,191.0341399,Albania,16.83606557,492931584,217319,0,0,104437302,10504,0,0,0,3968898,0,0,0,50973210,0,0,0,0,2080022,0,0,0,0,0,5083769,0,0,0,0,0,53390575,0,0,0,0,0,0,0,115496474,685984649.8,0.168365974
5,2013,108.56,182.901893,Albania,17.00821918,658043194,0,0,0,142657352,2082451,0,0,206414,569082,0,0,492176,33393951,0,0,0,541930,4555071,0,940982,30358846,0,0,18124768,0,23367582,0,0,0,77805998,0,0,0,0,0,0,146060549,336417349,673940480.1,0.499179614
6,2014,98.97,164.3753612,Albania,20.50684932,0,0,0,0,117073710,5106364,0,0,682152,331408,0,0,629602,37360303,0,0,0,1041526,592730,0,7664161,19569848,0,0,16832464,0,41032689,0,0,0,73245355,0,0,0,0,0,0,0,198982238,740790450.2,0.268607996
7,2015,52.32,126.5737353,Albania,20.16164384,91792249,0,0,0,93832342,710412,0,0,33446,614942,0,0,795794,12826600,0,0,0,961656,248467,0,0,17091316,0,0,17472273,0,19989999,0,0,0,38298084,0,27276955,0,0,0,0,0,135609532,385022880.1,0.352211619
8,2003,28.85,60.70570998,Azerbaijan,323.7547945,1816098560,1444,0,0,14399,28599812,0,0,0,0,0,0,0,0,0,0,0,0,0,0,0,0,0,0,0,0,186276712.8,0,0,0,0,12900000,0,0,0,0,0,0,199176712.8,3409218925,0.058422975
9,2004,38.26,81.70468166,Azerbaijan,315.4262295,2264435010,0,0,0,48714,54933514,0,0,0,0,0,0,0,0,0,0,0,0,0,0,0,0,0,0,67923742.38,0,166969870.8,0,0,0,399197013.9,12200000,0,0,0,0,0,0,646290627.1,4404895752,0.146720981
10,2005,54.57,100,Azerbaijan,438.7726027,2218812045,127,0,0,500,69609781,0,0,0,1.00E+06,0,0,0,0,0,0,0,0,0,0,0,0,0,0,9919362.617,0,84663557.69,0,0,0,0,16500000,0,0,0,0,0,0,112082920.3,8739494639,0.012824874
11,2006,65.16,156.1961728,Azerbaijan,645.5205479,3848498475,0,0,0,3100,76309381,0,0,0,2.00E+06,0,0,20200000,0,0,0,0,12500000,0,0,0,0,0,0,1133022732,0,275027995.5,0,0,0,198185666.3,14200000,0,0,0,0,0,0,1655136394,15352673399,0.107807699
12,2007,72.44,183.3122475,Azerbaijan,846.8330466,3214193710,0,0,0,103973,59273738,0,0,0,6.80E+07,0,0,2.50E+07,0,0,0,0,81934731.93,0,0,0,0,0,0,2378652215,0,269813519.8,0,0,0,0,0,0,0,0,6600000,0,0,2830000466,22390773852,0.126391365
13,2008,96.94,169.0130834,Azerbaijan,873.918724,44170910610,112802,0,0,2792118,91046419,0,0,0,3500000,0,0,178600000,0,0,0,0,0,0,0,0,0,0,0,2924535810,0,532521315.5,0,0,0,182962728.4,2.00E+05,0,0,0,0,0,0,3822319854,30921953603,0.123611849
14,2009,61.74,136.5303027,Azerbaijan,1010.013263,11989737737,1739,0,0,76100,4208960,0,0,0,1.00E+06,0,0,94100000,0,0,0,0,250062266.5,0,0,0,90784557.91,0,622665.0062,1084909838,0,124533.0012,0,0,0,151113200.5,11100000,0,0,0,29763387.3,0,0,1713580448,22760749883,0.075286643
15,2010,79.61,202.3197645,Azerbaijan,1038.68337,18489553774,795,0,0,1619544,8646120,0,0,0,2.00E+06,0,0,318500000,0,0,0,0,88044831.88,0,0,0,67745952.68,0,0,1259622167,0,373599.0037,0,0,0,161773972.6,10300000,0,0,0,83810709.83,0,0,1992171233,30181697826,0.066005937
16,2011,111.26,229.7191412,Azerbaijan,987.0465205,22911044605,20539,0,0,11767340,9032067,0,0,0,2.00E+07,0,0,4.30E+08,19329500000,0,0,0,249461820.9,0,0,84500000,161541091.6,0,0,1959916424,0,341901.9881,0,0,0,162845608.1,9504000,0,0,0,48605799.67,0,0,22456216646,40083860493,0.560230885
17,2012,111.63,191.0341399,Azerbaijan,925.7040027,20232597801,921,0,0,8044283,34488864,0,0,0,2.00E+06,0,0,438483000,16695800000,0,0,0,271682476.8,0,0,0,59154894.4,0,0,1200516996,0,1014.2096,0,0,0,100277112,10044000,0,0,0,28177115.2,0,0,18806136609,37717763305,0.498601586
18,2013,108.56,182.901893,Azerbaijan,874.4229699,20244052787,83,0,0,16982693,10470779,0,0,0,2360000,0,0,0,16708731676,0,0,0,471510516,0,0,0,138432122,0,0,1888040217,0,3314213,0,0,0,154371383,10300000,0,0,0,61312939,0,0,19438373066,34648485529,0.561016528
19,2014,98.97,164.3753612,Azerbaijan,850.5188986,18404936620,4,0,0,7151302,6008987,0,0,0,1.70E+07,0,0,0,15926282711,0,0,0,426568077.5,0,0,0,179372769,0,0,1613700000,0,637429.8827,0,0,0,145649209.6,11400000,0,0,0,62213156.55,0,0,18382823354,30724187219,0.598317645
20,2015,52.32,126.5737353,Azerbaijan,852.1692,8866158652,68,0,0,6430934,2653688,0,0,0,1959848,0,0,0,8295801539,0,0,0,223671956,0,0,0,133063444,0,0,720300166,0,53225378,0,0,0,109181177,0,0,0,0,52522544,0,0,9589726052,16273704779,0.589277376
21,2006,65.16,156.1961728,CÌÄå«te d'Ivoire,62,1310329295,1759624100,0,0,19,18794855,0,0,0,0,0,0,75021630,0,0,0,0,0,0,0,11485540,0,0,0,78639570,0,0,0,0,0,0,0,0,0,0,0,0,0,165146740,1474570800,0.111996481
22,2007,72.44,183.3122475,CÌÄå«te d'Ivoire,52,1035424094,1887629670,0,0,117658,27976029,0,0,0,4670880,0,0,203231600,0,0,0,0,0,0,0,28417570,0,0,0,203229510,0,0,0,0,0,0,0,0,0,0,0,0,0,439549560,1374911200,0.319693054
23,2008,96.94,169.0130834,CÌÄå«te d'Ivoire,59.16502732,1524512776,2668989384,0,0,11270684,36031537,0,0,0,0,0,0,517623817,0,0,0,0,0,0,294980,60336799,684893,0,0,1678212,0,769579,0,0,0,1177096,0,0,0,0,0,0,0,582565376,2093442078,0.278281106
24,2009,61.74,136.5303027,CÌÄå«te d'Ivoire,57.81726027,1141077248,1622938713,0,0,20173526,22146452,0,0,0,0,0,0,211755382,0,0,0,0,0,0,752168,43112885,33164,0,0,4999413,0,1030930,0,0,0,6201893,0,0,0,0,0,0,0,267885835,1302917742,0.205604565
25,2010,79.61,202.3197645,CÌÄå«te d'Ivoire,43.83287671,1091339773,1689709519,0,0,17821141,32764690,0,0,0,0,0,0,152014488,0,0,0,0,0,0,1066242,68659491,52060,0,0,6619511,0,1473684,0,0,0,5609221,0,0,0,0,0,0,0,235494697,1273680390,0.184893085
26,2011,111.26,229.7191412,CÌÄå«te d'Ivoire,39.5890411,1306010039,1749372331,0,0,6801593,25875278,0,0,0,0,0,0,274206032,94530051,0,0,0,0,0,932832,29554660,8480,0,0,6009326,0,1298196,0,0,0,14460414,0,0,0,0,0,0,0,420999991,1607707000,0.26186363
27,2012,111.63,191.0341399,CÌÄå«te d'Ivoire,37.91530055,1255554933,2752775651,0,0,14227529,24187681,0,0,0,57273120,0,22471335,381031900,88438831,0,0,0,286356,0,1709247,5400716,28827,653527,0,9055953,0,1937922,0,0,0,20726684,956328,0,0,0,1191402,0,0,591162148,1544857025,0.382664634
28,2013,108.56,182.901893,CÌÄå«te d'Ivoire,37,959539397,2928052011,0,0,20155298,27991071,0,0,0,25628110,397256,5620897,352816460,238897025,0,0,0,0,0,54028346,5497874,10180,661585,0,12781405,0,3823213,0,0,0,17102714,0,0,0,0,1135380,0,0,718400445,1466102800,0.490006871
29,2014,98.97,164.3753612,CÌÄå«te d'Ivoire,36,652054361,2612549707,0,0,30362894,22052899,0,0,0,0,4648667,10379800,196073954,222581750,0,0,26308,0,0,0,2752268,0,445782,0,11437558,0,4474,0,0,0,21182896,14602251,0,0,0,3150409,16630,0,487302747,1300465800,0.374714004
30,2015,52.32,126.5737353,CÌÄå«te d'Ivoire,33,545273591,1517006644,0,0,20176231,16906808,0,0,0,29924208,17439834,35798501,131867267,165431069,0,0,561524,0,0,0,34019024,0,2171773,0,14637415,0,0,0,0,0,23795044,0,0,0,0,2149416,0,0,457795075,630194400,0.726434692
31,2001,24.46,56.26818468,Cameroon,76.64657534,807459073,293666799,0,0,0,355769,0,0,0,0,0,0,0,0,0,0,0,0,0,0,44042320,0,353110,0,110681380,0,0,0,0,0,15474550,0,0,0,0,0,0,0,170551360,684292960,0.249237344
32,2002,24.99,54.31961263,Cameroon,69.81917808,828044401,213849458,0,0,20781,277545,0,0,0,0,0,0,0,0,0,0,0,0,0,0,27603240,0,358390,0,151401360,0,0,0,0,0,15936260,0,0,0,0,0,0,0,195299250,636845160,0.306666773
33,2003,28.85,60.70570998,Cameroon,67,1003161869,171380463,0,0,9233,795549,0,0,0,0,0,0,0,0,0,0,0,0,0,0,11156800,0,10320,0,96803610,0,0,0,0,0,18240480,0,0,0,0,0,0,0,126211210,705526750,0.178889333
34,2004,38.26,81.70468166,Cameroon,65.98907104,1018674440,366459171,0,0,0,87257,0,0,0,0,0,0,0,0,0,0,0,0,0,0,65977460,0,474090,0,95099790,0,0,0,0,0,3071800,0,0,0,0,0,0,0,164623140,921530778.2,0.178640957
35,2005,54.57,100,Cameroon,82.31506849,1247908273,801734149,0,0,0,819039,0,0,0,2.00E+06,0,0,0,0,0,0,0,0,0,0,40391700,0,1450970,0,143923550,0,0,0,0,0,15717320,0,0,0,0,0,0,0,203483540,1639555650,0.124108956
36,2006,65.16,156.1961728,Cameroon,86.40273973,1781718541,925417069,0,56259428,24,819782,0,0,0,3500000,0,0,1070956500,0,0,0,0,0,0,45722800,0,0,0,0,211117500,0,0,0,0,0,12665590,0,0,0,0,0,0,0,1343962390,2054950920,0.654011917
37,2007,72.44,183.3122475,Cameroon,82.82739726,1840823150,1751,0,0,0,343167,0,0,0,0,0,0,1065579620,0,0,0,0,0,0,45975410,0,0,6604040,0,277383820,0,945910,0,0,0,43122270,0,0,0,0,0,0,0,1439611070,2190006080,0.657354828
38,2008,96.94,169.0130834,Cameroon,81.32513661,13309,1281,0,0,32276,237774,0,0,0,5.00E+06,0,0,1538506250,0,0,0,0,0,0,92433250,0,0,4562000,0,299004960,0,0,0,0,0,25801020,0,0,0,0,0,0,0,1965307480,2877535441,0.682982893
39,2009,61.74,136.5303027,Cameroon,76.90410959,4666,11424,0,0,271,55210,0,0,0,12493847,0,12849613,717562893,0,0,0,0,0,0,4509224,0,38300,323303,0,442482030,0,33329692,0,0,0,-20417779,0,0,0,1149750,0,0,0,1204320873,1733041800,0.694917383
40,2010,79.61,202.3197645,Cameroon,65,1415657634,1231769209,0,0,0,62426,0,0,0,3047121,0,9801678,862577546,0,0,0,0,0,0,1719097,0,24491,148789,0,192695727,0,30890175,0,0,0,-74162636,0,0,0,1828233,0,0,0,1028570221,1888747250,0.544578011
41,2011,111.26,229.7191412,Cameroon,61.66027397,9136,94185,0,0,4436,306940,0,0,0,250504,0,9691061,1172570446,0,0,197923,0,0,0,904639,0,31277,175800,0,227961429,0,35821495,0,0,0,-1294294,0,0,0,1596227,0,0,0,1447906507,2504017560,0.578233368
42,2012,111.63,191.0341399,Cameroon,63,1834091386,1300904099,0,0,3551,477099,0,0,0,4.00E+06,0,12405678,1093599556,47528736,0,277242,0,0,0,9938904,89835105,0,379068,0,340224932,0,825548,15396318,0,0,-38466151,0,0,0,1708573,0,536185,0,1578189694,2566931850,0.61481558
43,2013,108.56,182.901893,Cameroon,62.75616438,2203963516,999398517,0,0,0,1434021,0,0,0,3500000,0,16937552,1090409231,0,0,190434,0,0,0,0,54900283,0,1047502,0,393797461,0,63057916,16561430,0,0,26518287,0,0,0,1858317,0,0,0,1668778413,2486675360,0.671088169
44,2014,98.97,164.3753612,Cameroon,75,2469166401,1429928278,0,0,747,2862226,0,0,0,0,0,26004092,0,1045641585,0,180766,0,78323110,0,0,8441165,0,3285700,0,368646862,0,43151869,0,0,0,907141,0,5289867,0,2039671,0,0,0,1581911828,2709303750,0.583881312
45,2007,72.44,183.3122475,Chad,144.2027397,0,0,0,0,0,0,0,0,0,3054060,146969,0,281945525,0,0,0,0,0,0,0,0,0,0,0,887870635,0,0,0,0,0,0,0,0,0,686773,0,0,0,1173703962,3812806959,0.307831992
46,2008,96.94,169.0130834,Chad,127.1639344,0,0,0,0,0,0,0,0,0,6319062,329812,0,556003641,0,0,0,0,0,0,0,0,0,0,0,1126832960,0,0,0,0,0,0,0,0,167209304,815249,0,0,0,1857510028,4499454207,0.412830077
47,2009,61.74,136.5303027,Chad,119.4712329,0,0,0,0,0,0,0,0,0,391,325743,0,162711939,0,0,0,0,0,0,0,0,0,0,0,426181178,0,0,0,0,0,0,0,0,15364160,2190006,0,0,0,606773417,2692296181,0.225373947
48,2010,79.61,202.3197645,Chad,122.5205479,0,0,0,0,0,0,0,0,0,0,450000,0,363994790.6,0,0,0,0,0,0,6683000,0,0,0,0,914422979.9,0,0,0,0,0,1181000,0,0,33910000,308000,0,0,0,1320949771,3560159199,0.371036714
49,2011,111.26,229.7191412,Chad,114.9643836,0,0,0,0,0,0,0,0,0,1.00E+08,450000,0,495770274.1,0,0,0,0,0,0,6235000,0,0,0,0,1480286091,0,0,0,0,0,844000,0,0,44021000,1000,0,0,0,2127607365,4668692122,0.455718071
50,2012,111.63,191.0341399,Chad,104.4836066,0,0,0,0,0,0,0,0,0,128224000,1113000,1471000,475588000,0,0,0,0,0,0,6004000,0,0,0,0,1305591000,0,0,0,0,0,955000,0,0,39009000,278000,0,0,0,1958233000,4257179327,0.459983677
51,2013,108.56,182.901893,Chad,105,0,0,0,0,0,0,0,0,0,1646,2145997,12998044,384769874,0,0,0,0,0,0,4697626,0,0,0,0,1150655819,0,0,0,0,0,999071,0,0,28832465,51668,0,0,0,1585152210,4160562000,0.380994733
52,2007,72.44,183.3122475,Democratic Republic of Congo,22.15616438,0,0,0,0,0,0,0,0,0,0,0,13330000,9228000,0,0,0,0,116647000,0,20989000,11519000,0,703000,0,152630000,0,0,0,0,41653000,29682000,0,0,0,0,22884000,0,0,419265000,585822279.9,0.715686334
53,2008,96.94,169.0130834,Democratic Republic of Congo,19.95765027,0,0,0,0,0,0,0,0,0,0,0,9261000,16611000,0,0,0,1053000,155552000,0,60858000,13379000,0,3280000,0,200380552.4,0,0,0,0,0,0,0,0,7044000,0,5.00E+06,0,0,472418552.4,706163535.3,0.668993128
54,2009,61.74,136.5303027,Democratic Republic of Congo,22,0,0,0,0,0,0,0,0,0,0,0,25004000,25463000,0,0,0,540000,33688000,0,28617000,22032000,0,3786000,0,93068014.21,0,0,0,0,0,0,0,0,3430000,0,22032000,0,0,257660014.2,495772200,0.519714527
55,2010,79.61,202.3197645,Democratic Republic of Congo,21,0,0,0,0,0,0,0,0,0,6499975,0,70810021,79123317,0,0,0,0,121165458,38771089,45230736,0,15751451,16558753,0,197840032,0,0,0,0,0,51802913,0,0,3987430,0,164421824,0,0,811962999,610210650,1.330627381
56,2011,111.26,229.7191412,Democratic Republic of Congo,20.16164384,0,0,0,0,0,0,0,0,0,2.00E+06,60264302,129749933,104905535,0,0,0,0,171297589,25057518,67252135,0,21930978,16972196,0,405512525,0,43222156,0,0,94012088.02,91376516,0,0,0,0,56797681,0,0,1290351152,818762340.2,1.575977654
57,2012,111.63,191.0341399,Democratic Republic of Congo,20,0,0,0,0,0,0,0,0,2427750,5.00E+05,66617420,122966293,147805445,8838220,0,0,0,249920333,60744307,75815672,0,5023256,21404288,0,113171555,0,52987565,0,0,5287950,93880587,615733,0,61073078,123850830,320499585,0,0,1533429867,814899000,1.881742237
58,2013,108.56,182.901893,Democratic Republic of Congo,20,0,0,0,0,0,0,0,0,86851076,39836750,0,590226806,0,230000,0,0,0,0,76334309,967191,0,12411143,17877373,0,45487624,7145972,43231242,0,4200000,821786,173499137,16295586,0,76817367,132315229,10094622,0,0,1334643213,792488000,1.684117883
59,2014,98.97,164.3753612,Democratic Republic of Congo,20,0,0,0,0,0,0,0,0,103370372,23030074,0,571175662,0,200695,0,0,0,0,54605112,0,0,16444927,18782326,0,264397836,13094915,61150625,0,0,379089,250540769,19175936,0,90886646,164897942,15757359,0,0,1667890285,722481000,2.308559374
60,2004,38.26,81.70468166,Ghana,7,0,0,0,0,19131955,113861,0,0,0,0,0,0,0,0,0,0,0,0,0,3457003,0,0,0,0,550157,0,0,0,0,0,22782715,0,0,0,0,231658,0,0,27021533,97754300,0.27642296
61,2005,54.57,100,Ghana,6,10539206,627695562,0,0,55464666,75633,0,0,0,0,0,0,0,0,0,0,0,0,0,7541160,0,0,0,0,11233921,0,4398,0,0,0,25597029,0,0,0,0,278135,0,0,44654643,119508300,0.373653068
62,2006,65.16,156.1961728,Ghana,6,0,684932487,0,0,21714930,127077,0,0,0,0,0,0,0,0,0,0,0,0,0,7820165,0,0,0,0,22642382,0,7635,0,0,0,34990309,0,0,0,0,760070,0,0,66220561,142700400,0.464053086
63,2007,72.44,183.3122475,Ghana,6,1,790643012,0,0,47411227,32195,0,0,0,0,0,0,0,0,0,0,0,0,0,3892366,0,0,0,0,15730556,0,1641,0,0,0,41249253,0,0,0,0,893748,0,0,61767564,158643600,0.389347972
64,2008,96.94,169.0130834,Ghana,6,83,1083977150,0,0,66798947,127877,0,0,0,0,0,0,0,0,0,0,0,0,0,1349646,0,0,0,0,30702456,0,10514,0,0,0,58343268,0,0,0,0,787598,0,0,91193482,212298600,0.429552913
65,2009,61.74,136.5303027,Ghana,6,0,100125023,0,0,58596516,329862,0,0,0,0,0,0,0,0,0,0,0,0,0,2359838,0,0,0,0,16667742,0,0,0,0,0,92017330,0,0,0,0,870260,0,0,111915170,135210600,0.827710032
66,2010,79.61,202.3197645,Ghana,7.189041096,0,2780,0,0,91797112,8791435,0,0,0,0,0,0,0,0,0,0,0,0,0,15744203,0,0,107497,0,87876049,0,0,0,0,0,105874221,0,0,0,0,582369,0,0,210184339,208896640,1.006164288
67,2011,111.26,229.7191412,Ghana,76.51232877,2861952915,787744920,0,0,123489617,4847293,0,0,0,0,0,0,0,0,0,0,0,0,0,28766583,0,0,92848,0,326683507,0,0,0,0,0,353252238,0,0,0,0,233903151,0,0,942698327,3107158020,0.303395682
68,2012,111.63,191.0341399,Ghana,78.35519126,3683889033,430691260,0,0,138916072,8201494,0,0,0,0,0,0,0,0,0,0,0,0,0,14084197,0,0,102331,0,396340910,0,0,0,0,0,449938491,0,0,0,0,286220579,0,0,1146686508,3192578350,0.35917255
69,2013,108.56,182.901893,Ghana,97.91232877,3015354824,308723373,0,0,176534323,2385849,0,0,0,0,0,0,0,0,0,0,0,0,0,550571,0,0,133868,0,439391919,0,0,0,0,0,475852456,0,0,0,0,333334035,0,0,1249262849,3879717280,0.321998424
70,2014,98.97,164.3753612,Ghana,105.0191781,0,0,0,0,0,0,0,0,0,0,0,0,0,0,0,0,0,0,0,10701700,0,0,382580,0,446256153,0,425000,0,0,0,486346333,0,0,0,0,366679905,0,0,1310791671,3793718041,0.345516366
71,2005,54.57,100,Guinea,NA,0,0,0,0,516761761,9187,0,0,16776000,0,0,4409000,0,0,0,0,0,0,0,0,0,0,0,0,29515000,0,0,0,0,0,72966000,0,0,0,0,0,0,0,123666000,NA,NA
72,2006,65.16,156.1961728,Guinea,NA,0,14999,0,0,429860152,1898129,0,0,0,0,6255000,9466000,0,0,0,0,0,0,0,0,0,0,0,0,90065000,0,0,0,0,0,22572000,0,0,0,0,0,181000,0,128539000,NA,NA
73,2007,72.44,183.3122475,Guinea,NA,0,4136,0,0,719609205,13447,0,0,0,0,6661849,13120741,0,0,0,0,0,0,0,0,0,35085,0,0,109970261,0,0,0,0,0,4768155,0,0,20878370,16340685,0,0,0,171775146,NA,NA
74,2008,96.94,169.0130834,Guinea,NA,0,0,0,0,573050261,7568,0,0,5646631,0,9385369,14524713,0,0,1476311,0,0,0,0,0,0,82409,0,0,134554819,0,0,0,0,0,3447141,0,0,21151939,20947427,0,0,0,211216759,NA,NA
75,2009,61.74,136.5303027,Guinea,NA,0,0,0,0,0,0,0,0,0,0,6449673,10732418,0,0,0,0,0,0,0,0,0,0,0,0,131066694,0,0,0,0,0,3970439,0,0,29084914,23051681,0,0,0,204355819,NA,NA
76,2010,79.61,202.3197645,Guinea,NA,0,0,0,0,0,0,0,0,0,0,8516786,9386318,0,0,13086997,0,0,0,0,0,0,25114,0,0,128988109,0,0,0,0,0,3050367,0,0,33801911,21704618,0,0,0,218560220,NA,NA
77,2011,111.26,229.7191412,Guinea,NA,0,0,0,0,0,0,0,0,114747,0,5807707,13824541,0,0,14434872,0,0,0,4559637,0,0,0,6771111,0,164911457,0,754392463,0,0,0,3497102,0,0,37619888,22225106,356961,0,0,1028515592,NA,NA
78,2012,111.63,191.0341399,Guinea,NA,0,0,0,0,0,0,0,0,162899,0,4088660,21399015,0,0,5961575,0,0,17280,15679775,0,0,0,9367302,0,237576090,0,11432969,0,0,0,2787916,0,0,50454857,20432717,633821,0,0,379994876,NA,NA
79,2013,108.56,182.901893,Guinea,NA,0,18873,0,0,459219683,2458443,60,0,138891,0,2713764,19897997,0,0,7500000,0,0,4342,1217507,0,0,3648115,1030523,0,119055820,0,24550547,0,0,0,84533399,0,0,35585117,24558165,0,0,0,324434187,NA,NA
80,2009,61.74,136.5303027,Iraq,2403.442096,0,0,0,0,0,0,0,0,0,0,0,0,0,0,0,0,0,0,0,0,0,0,0,0,0,0,0,41249682457,0,0,0,0,0,0,0,0,0,0,41249682457,54161807978,0.761600914
81,2010,79.61,202.3197645,Iraq,2411.568208,52202600000,0,0,0,312216,0,0,0,0,1.65E+09,0,0,0,0,0,0,0,0,0,0,0,0,0,0,0,0,0,52202645106,0,0,0,0,0,0,0,0,0,0,53852645106,70074504939,0.768505538
82,2011,111.26,229.7191412,Iraq,2637.684932,82986100000,0,0,0,0,0,0,0,0,0,0,0,0,0,0,0,0,0,0,0,0,0,0,0,0,0,0,82986002828,0,0,0,0,0,0,0,0,0,0,82986002828,1.07116E+11,0.774729348
83,2012,111.63,191.0341399,Iraq,2995.333333,94027500000,0,0,0,0,0,0,0,0,0,0,0,0,0,0,0,0,0,0,0,0,0,0,0,0,0,0,94032633453,0,0,0,0,0,0,0,0,0,0,94032633453,1.22045E+11,0.770476949
84,2013,108.56,182.901893,Iraq,3066.383562,89214500000,0,0,0,0,0,0,0,0,8.00E+07,0,0,0,0,0,0,0,0,0,0,0,0,0,0,283385393,0,0,80665155036,0,0,0,0,0,0,0,0,0,0,81028540429,1.21504E+11,0.666881759
85,2014,98.97,164.3753612,Iraq,3380.041096,84129800000,0,0,0,0,2332857,0,0,0,0,0,0,0,0,0,0,0,0,0,0,0,0,0,0,156186449,0,0,70934024818,0,0,0,0,0,0,0,0,0,0,71090211267,1.22101E+11,0.582225724
86,2015,52.32,126.5737353,Iraq,4066.041096,49058200000,0,0,0,0,0,0,0,0,0,0,0,0,0,0,0,0,0,0,0,0,0,0,0,308702547,0,0,50932292720,0,0,0,0,0,0,0,0,0,0,51240995267,77648373602,0.659910735
87,2005,54.57,100,Kazakhstan,1333.284764,17395248344,777848503,0,0,925585338,124873389,0,0,0,1861812,0,22173386,0,0,0,85206078,3401266,160441845,0,34250,0,0,0,671839,1599920377,1574035,3709784,0,0,0,558884156,0,115857154,4622410,0,36091889,0,0,2594450281,26556432594,0.097695738
88,2007,72.44,183.3122475,Kazakhstan,1440.389816,28125875547,1826372974,0,0,1589137650,227110536,0,0,0,38469245,0,527803770,0,0,0,478547637,3647754,732834038,0,0,0,0,11999481,1416027,8231824747,163,41540457,0,0,0,1724771667,0,347521046,4989763,0,134126394,0,0,12279492189,38084770969,0.32242526
89,2008,96.94,169.0130834,Kazakhstan,1425.420817,43507922968,2772865826,0,0,2412307762,252111226,0,0,0,67305593,0,2796628477,0,0,0,423244883,5971620,1454141861,0,0,0,0,12493291,1551507,11601184680,0,28380144,0,0,0,3709396728,0,360266289,6581758,0,184885647,0,0,20652032478,50435807310,0.409471635
90,2009,61.74,136.5303027,Kazakhstan,1535.650959,26206871848,1446149726,0,0,1731278956,70025681,0,0,0,32680576,0,661973019,0,0,0,451769713,219547,1431616744,0,0,0,0,21820933,1803365,5434281568,20102088,22467477,0,0,0,2759024234,0,213922241,1270002122,0,229837179,0,0,12551520806,34606047926,0.362697319
91,2010,79.61,202.3197645,Kazakhstan,1605.29866,36982293272,1340913338,0,0,2185184553,111565513,0,0,0,17036333,0,1364478298,0,0,0,290140556,359276,709299501,0,1545503260,0,314600,21646038,2530794,7578802388,32083248,11789192,0,0,0,6586422401,0,291672836,3026903929,270224604,257962706,0,0,22007169960,46646206608,0.47178906
92,2011,111.26,229.7191412,Kazakhstan,1634.960685,55174350585,2502419025,0,0,4428111617,195845660,0,0,0,336163491,0,2781188509,0,0,0,246664098,90527,1019764125,0,70402589,2499532631,1329431,20415810,2727364,11679635319,40377131,27174297,0,0,0,9017143371,0,322376383,5537013211,0,274978441,0,0,33876976728,66395589922,0.51022932
93,2012,111.63,191.0341399,Kazakhstan,1602.48541,56442431850,2198854780,0,0,3994003170,634411190,0,0,0,94265526,224883052,3720734547,0,0,0,285347928,340704,1021841576,0,1899217824,0,-1729435131,19481616,3276372,11470207901,179407438,0,0,0,0,9259515594,0,344256311,5514879168,0,256148364,0,0,32564368790,65293187906,0.498740678
94,2013,108.56,182.901893,Kazakhstan,1654.881233,57249535115,2841319270,0,0,2729550161,373516642,0,0,0,38690713,7299801,3845696640,0,160944039,0,415263882,251434,1075685294,0,0,560135861,-530622526,20223876,3306260,11022531235,145023527,0,0,0,0,8177957993,0,385032774,5745117774,0,261317208,0,0,31333855785,65573675929,0.47784199
95,2014,98.97,164.3753612,Kazakhstan,1715.944247,53626939227,188048213,0,0,2603412023,532735760,0,0,0,45222250,127608887,4190265637,0,0,0,379961769,77241,459992204,0,0,193720838,-1034921527,17666419,2693446,9999594347,100248169,882311462,0,0,0,7952357963,0,355905960,4035663801,0,252824973,0,0,27961193839,61986855776,0.451082629
96,2015,52.32,126.5737353,Kazakhstan,1748.300411,26773012920,17073752,0,0,1084150478,525034315,0,0,0,290566767,26123922,3680644759,0,49735095,0,203102473,2602,383274367,0,0,193720838,-1641434638,19124684,3162171,5073823327,157848804,72,0,0,0,4586879355,0,439939569,1267963026,0,314419533,0,0,15048896726,33386943289,0.450741974
97,2004,38.26,81.70468166,Kyrgyz Republic,1.4,0,883858,0,0,92094,1210783,0,0,1056,0,12819244,50974,0,0,0,0,162356,0,0,0,0,1624408,2900634,0,858015,0,8231988,0,0,0,0,0,0,0,0,181108,0,0,26829783,19550860,1.372307049
98,2005,54.57,100,Kyrgyz Republic,2,1240,840913,0,0,1120488,1836126,0,0,0,0,11612939,138791,0,0,0,0,112256,0,0,0,154045,1192276,2190278,0,542422,0,8687647,0,0,0,0,0,0,0,0,135063,0,0,24765717,39836100,0.621690301
99,2006,65.16,156.1961728,Kyrgyz Republic,2,1080,3766040,0,0,3063970,3630924,0,0,246,0,9158266,1951269,0,0,0,0,238532,0,0,0,0,1801799,1383001,0,184085,0,7366347,0,0,0,0,0,0,0,0,1246194,0,0,23329739,47566800,0.490462655
100,2007,72.44,183.3122475,Kyrgyz Republic,1,643159,27500266,0,0,5919288,10308802,0,0,0,0,10025469,2937346,0,0,0,0,412145,0,0,0,188,1398900,1126863,0,1748981,0,6288525,0,0,0,0,0,0,0,0,1222440,0,0,25160857,26440600,0.951599321
101,2008,96.94,169.0130834,Kyrgyz Republic,1,29883946,71917995,0,0,4615879,7376771,0,0,220135,0,23285067,4961614,0,0,0,209983,496456,0,0,0,1501744,5147244,1492154,0,1324831,65579,16062205,0,0,0,0,0,13679668,0,0,1017548,0,0,69464228,35383100,1.963203563
102,2009,61.74,136.5303027,Kyrgyz Republic,1,2035330,3736832,0,0,2524259,4619677,0,0,13615,0,0,561921,0,0,0,359518,15449,38103,0,0,270130,4021259,25844751,0,41776741,5176322,303888,0,0,0,0,0,12065803,0,0,755666,0,0,91203166,22535100,4.047160474
103,2010,79.61,202.3197645,Kyrgyz Republic,1,1024957,5177868,0,0,583418,5529890,0,0,128304,717418,6458023,2166972,0,0,0,401524,9733,0,0,1492010,5180710,8995515,6553212,0,95810603,116177,753473,0,0,0,1269279,0,13809885,0,0,512280,0,0,144375118,29057650,4.96857516
104,2011,111.26,229.7191412,Kyrgyz Republic,1,792917,0,0,0,17335952,9495420,0,0,63471,4042516,1291649,1688351,0,0,0,456074,8308,0,0,0,30153124,13381388,10842191,0,136039154,328482,2641237,0,0,0,2584664,0,34936356,0,0,710694,0,0,239167659,40609900,5.889392956
105,2012,111.63,191.0341399,Kyrgyz Republic,1,0,4704435,0,0,55659849,13638471,0,0,30863,6740703,28517274,2108157,0,0,0,479276,3621,0,0,0,4738509,16933376,4647902,0,102115207,396422,2340234,0,0,0,4188520,0,33814483,0,0,764132,0,0,207818679,40744950,5.100476967
106,2013,108.56,182.901893,Kyrgyz Republic,1,1036455,640536,0,0,18488007,14995458,0,0,0,10072548,1887851,2517919,0,0,0,497348,336614,4355614,0,0,2102248,20108838,8597481,0,78484193,143192,2409183,0,0,0,4196423,0,36278744,0,0,834983,0,0,172823179,39624400,4.361534282
107,2014,98.97,164.3753612,Kyrgyz Republic,1,0,0,0,0,0,0,0,0,0,4888678,1895352,2137894,0,0,0,596081,588366,3813309,0,0,89403,19257702,8561563,0,89975339,174553,894510,0,0,0,4032506,0,34166554,0,0,803802,0,0,171875612,36124050,4.75792753
108,2008,96.94,169.0130834,Liberia,NA,0,0,0,0,0,0,0,0,126162,1.50E+07,9575162,1536705,0,0,0,0,34933,0,0,0,0,202788,679523,0,12309,0,21480,0,0,143561,1105337,0,0,5970,0,0,0,0,28443930,NA,NA
109,2009,61.74,136.5303027,Liberia,NA,0,0,0,0,0,0,0,0,482525,0,6150000,2980129,0,0,0,0,48761,0,107145,2452891,0,530136,1382464,0,8102177,439,100,0,0,0,2529229,0,0,81926,0,0,0,0,24847922,NA,NA
110,2010,79.61,202.3197645,Liberia,NA,0,0,0,0,0,0,0,0,25622009,0,11695305,2009475,0,0,0,0,90406,0,506538,250000,0,2568045,1450136,0,3376286,0,500,0,0,0,14640795,0,0,577988,0,0,0,0,62787483,NA,NA
111,2011,111.26,229.7191412,Liberia,NA,0,0,0,0,0,0,0,0,3718918.89,22529644.33,9484240.77,3262283.99,0,0,0,0,158065.56,0,1045868.28,38294.41,0,22683326.2,1948536.85,0,24596380.41,0,267093,0,0,0,15414054.55,0,0,307247.59,0,0,0,0,105453954.8,NA,NA
112,2012,111.63,191.0341399,Liberia,NA,0,0,0,0,0,0,0,0,12415250,2.60E+07,19330210,16023330,0,0,0,0,2441070,0,0,203630,775000,2605175,5598056,0,0,0,3.00E+05,0,0,0,1992364,0,0,15413,0,0,0,0,87699498,NA,NA
113,2013,108.56,182.901893,Liberia,NA,0,0,0,0,0,0,0,0,7420805.814,5.10E+07,15635433.54,7244557.675,0,0,0,0,0,0,728118.163,2758003.09,8916894.18,21356298.88,1546085.45,0,8338001.12,0,4461083.841,0,0,0,11995907.09,0,0,2992425.53,0,0,0,0,144393614.4,NA,NA
114,2014,98.97,164.3753612,Liberia,NA,0,0,0,0,0,0,0,0,11630732,5.00E+05,13869544,5921350.67,0,0,0,0,0,0,1066183,0,8025000,18563628,350759,0,3893137,0,8366579.505,0,0,0,23969037,0,0,1176389,0,0,0,0,97332339.18,NA,NA
115,2015,52.32,126.5737353,Liberia,NA,0,0,0,0,0,0,0,0,8492640,1550000,841124,6014334,0,0,0,0,0,0,1521191,0,3300000,19285604,532356,0,1834101,0,4060081.628,0,0,0,9984835,0,14465450,2236510,0,0,0,0,74118226.63,NA,NA
116,2006,65.16,156.1961728,Mali,NA,0,10802,0,0,0,7951,0,0,0,0,0,15440023,0,0,0,0,336692,31203348,0,39021880,0,11571887,195129,0,67673253,0,3336315,0,0,0,29737971,0,8798001,0,4994908,0,0,0,212309407,NA,NA
117,2007,72.44,183.3122475,Mali,NA,2476,13714,0,0,28,35247,0,0,0,0,0,8179860,0,0,0,0,0,25525113,0,38421583,0,32537271,250803,0,125634180,0,6635,0,0,0,28869783,0,10442525,0,3642628,0,0,0,273510381,NA,NA
118,2008,96.94,169.0130834,Mali,NA,277,91277,0,0,890,78577,0,0,0,0,0,6504870,0,0,0,0,0,31466796,0,34984874,0,21849754,323276,0,129093919,0,6396,0,0,0,32368313,0,11131201,0,4207848,0,0,0,271937247,NA,NA
119,2009,61.74,136.5303027,Mali,NA,0,0,0,0,0,0,0,0,0,0,0,15805631,0,0,0,0,433971,35364968,0,43294318,0,38244524,673788,0,161627302,0,6178,0,0,0,45375138,0,13417482,0,5133762,0,0,0,359377062,NA,NA
120,2010,79.61,202.3197645,Mali,NA,0,0,0,0,80797,13217,0,0,0,0,0,13010626,0,0,0,0,10702799,30505293,0,59742010,0,25791900,349539,0,124932813,0,382116,0,0,0,41355073,0,12788462,0,4663575,0,0,0,324224206,NA,NA
121,2011,111.26,229.7191412,Mali,NA,0,0,0,0,12722611,2291,0,0,0,0,0,43194998,0,0,0,0,46783253,4388544,0,48350194,0,33065487,588206,0,141307879,0,39847,0,0,0,52198120,0,17846353,0,7196446,0,0,0,394959327,NA,NA
122,2013,108.56,182.901893,Mali,NA,0,0,0,0,0,0,0,0,0,0,135717,79383653,27279,0,0,0,57775501,0,0,0,33433584,8822784,1317973,0,107990728,0,45468765,0,0,0,57482474,0,23946623,0,7871340,0,1165621,0,424822042,NA,NA
123,2005,54.57,100,Mauritania,NA,0,0,0,0,381584972,53681,0,0,59424.32683,2.00E+05,0,0,28594243.27,0,0,0,0,0,0,0,0,0,379562.6741,0,0,0,0,0,0,0,0,0,0,0,0,0,0,0,29233230.27,NA,NA
124,2006,65.16,156.1961728,Mauritania,30.61917808,0,12303,0,0,0,41139,0,0,59316.12003,107861000,1708000,0,126877870.9,0,0,0,0,0,0,29106769.02,0,0,401675.5059,0,9646000,0,0,0,0,0,0,0,0,0,0,0,0,0,275660631.5,728228159.9,0.378536078
125,2007,72.44,183.3122475,Mauritania,14.99178082,338758012,41424,0,0,729086036,32534,0,0,150016.186,331000,1533000,0,96476675.23,0,0,0,0,0,5.00E+06,32012664.52,0,0,539329.4198,0,0,0,0,0,0,0,3616179.64,0,0,0,0,0,0,0,139658865,396391679.9,0.35232542
126,2008,96.94,169.0130834,Mauritania,12.83333333,326449457,17959,0,0,901749361,173364,0,0,143089.8141,0,1995000,0,137890364.8,0,0,0,0,0,0,51432371.12,0,0,455672.7662,0,0,0,0,0,0,0,6851476.981,0,0,0,0,0,0,0,198767975.4,454083116.5,0.437734785
127,2009,61.74,136.5303027,Mauritania,11.24521918,217912871,18886,0,0,677117296,703305,0,0,1002642.624,1.00E+06,1687000,0,92218071.82,0,0,0,0,0,1.00E+07,53567542.36,0,0,2662781.906,0,0,0,0,0,0,0,5953676.356,0,0,0,0,0,0,0,168091715.1,253412138.7,0.663313588
128,2010,79.61,202.3197645,Mauritania,8.232232877,0,457,0,0,142404845,523825,0,0,1484072.915,2.00E+06,1337000,0,108499881.2,0,0,0,0,0,0,19377646.84,0,35982323.7,2930159.271,0,8770563.064,0,7909811.637,0,0,0,30185969.43,0,0,0,0,11047.68919,0,0,218488475.8,239209341.7,0.913377689
129,2011,111.26,229.7191412,Mauritania,7.737641096,107486066,0,0,0,1577561486,0,0,0,915975.4778,1.40E+07,1107000,0,147423702.1,0,0,0,0,0,5.00E+06,103653083.3,0,43512441.4,5339719.437,0,33345609.45,0,402708.6188,0,0,0,26646231.52,0,0,0,0,2000,0,0,381348471.3,314224831.1,1.2136166
130,2012,111.63,191.0341399,Mauritania,6.577076503,271296781,1021,0,0,1323311890,798089,0,0,87868,18099974,3885233,3014654,159045887,27249914,0,0,0,0,51567,123545411,0,24973475,1477182,0,58086077,0,87113779,0,0,0,23384309,0,0,0,0,48000,0,0,530063330,267982653.3,1.977976274
131,2013,108.56,182.901893,Mauritania,6.750410959,0,741758,0,0,1572740056,82747,0,0,26667,1600000,3985498,516816,146056294,18907072,0,0,0,0,5.00E+06,85166242,0,6187447,11878242,0,35338206,0,71636327,0,0,0,10124485,0,0,0,0,34972,0,0,396458268,267480984,1.482192349
132,2014,98.97,164.3753612,Mauritania,6.003005479,0,0,0,0,1070778732,29781,0,0,3163640,2971041,3101161,9568417,127350406,0,0,0,0,8322203,19555018,82361010,0,1790443,1060800,0,39193056,0,29026022,0,0,0,19363717,0,0,0,0,58979,0,42393907,389279820,216852870.1,1.795133354
133,2006,65.16,156.1961728,Mongolia,1.032,19841139,0,0,0,787981199,30326,0,0,277610,0,0,7453873,2355,0,0,176,771223,155339863,0,85969381,0,3799900,1438710,82992,118719445,0,0,0,0,0,34023341,2088764,0,0,0,1752057,267608,0,411987298,24544468.8,16.7853418
134,2007,72.44,183.3122475,Mongolia,2.329,53304193,0,0,0,1085912150,65827,0,0,0,0,0,0,0,0,0,5067333,0,0,0,118593358,0,0,0,0,0,0,515333600,0,0,0,0,19159,0,0,0,0,1519451,0,640532901,61580157.4,10.40161195
135,2008,96.94,169.0130834,Mongolia,3.208,0,0,0,0,0,0,0,0,0,0,0,0,0,0,0,2609240,0,0,0,23476313,0,0,0,0,0,0,556757162,0,0,0,0,0,0,0,0,0,5099918,0,587942633,113508984.8,5.179701272
136,2009,61.74,136.5303027,Mongolia,5.123,0,0,0,0,0,0,0,0,8130889,1505,0,8558284,17468389,0,0,4634188,1603007,129644451,0,72692258,0,89278,0,156147,67955663,0,101128378,0,0,0,73531831,11905857,0,0,0,10384572,4747620,0,512632317,115447317.3,4.440400427
137,2010,79.61,202.3197645,Mongolia,5.976,0,0,0,0,0,0,0,0,12293772,1031149,0,19005690,93720915,0,0,31228,2134321,339680498,1745009,41247661,0,54218758,3553646,215248,165391206,0,701309,0,0,0,124823748,28631145,34006324,0,0,10529411,8626886,0,941587924,173648516.4,5.422378167
138,2011,111.26,229.7191412,Mongolia,6.98329589,0,0,0,0,0,0,0,0,0,0,0,0,0,0,0,0,0,0,1804197,63909080,0,0,0,0,0,0,1550187377,0,0,0,0,26804076,52693227,0,0,0,21398609,0,1716796566,283590947.8,6.053777737
139,2012,111.63,191.0341399,Mongolia,9.934508197,0,0,0,0,0,0,0,0,50234852,998512,0,44586011,135690654,0,0,16589934,2129665,50740,21245685,109355052,0,163750406,9081127,867282,142467557,0,7284853,0,0,0,378326616,1221781,75793992,0,0,12101552,9712616,0,1181488887,404781039.8,2.918834557
140,2013,108.56,182.901893,Mongolia,14.05149589,515455603,0,0,0,1761242556,56695,0,0,20063162,1438455,13031383,27476779,113120213,0,0,14051271,567059,0,5972829,47163265,0,129031321,21490843,1053718,176274420,34043421,1080706,0,0,0,303082339,0,75333058,0,7159164,16151539,7253256,0,1014838201,556782093.7,1.822684696
141,2014,98.97,164.3753612,Mongolia,20.28802466,634611356,0,0,0,3222986985,121576,0,0,0,0,0,41025065,152655409,0,0,16390568,60578069,0,3649951,10997963,0,103868585,12093804,1891261,112386206,10850960,2320509,0,0,0,342767720,0,68777630,0,5676454,24010670,56898183,0,1026839007,732885617.2,1.401090406
142,2015,52.32,126.5737353,Mongolia,23.1765589,387217279,467236,0,0,2662329896,17035,0,2069,0,924764,0,16641232,20356328,0,0,22106336,25910,80476051,3824256,0,779131,49089201,293996324,324330,109182683,0,747725,0,0,0,10714182,1196943,63947141,0,8530873,8279014,0,0,691142424,442598110,1.561557558
143,2005,54.57,100,Niger,NA,2236,76,0,0,149304540,19752,0,0,0,0,262726,640876,0,0,0,0,0,0,0,0,1133638,614241,211706,0,526402,0,7457,0,0,0,9024279,0,0,0,0,0,0,0,12421325,NA,NA
144,2006,65.16,156.1961728,Niger,NA,0,144,0,0,152012697,74,0,0,0,0,440254,750346,0,0,0,0,0,0,0,0,1260263,797966,273404,0,3992252,0,0,0,0,0,12577833,0,0,0,0,0,0,0,20092318,NA,NA
145,2007,72.44,183.3122475,Niger,NA,0,0,0,0,298848266,74,0,0,0,0,428087,1290004,0,0,0,0,0,0,191377,0,8774094,1782242,749203,3428,14109781,0,58736,0,0,0,114874265,0,0,0,0,0,0,0,142261217,NA,NA
146,2008,96.94,169.0130834,Niger,NA,770,0,0,0,440500848,9018,0,0,0,0,566805,2278734,0,0,0,0,0,0,579911,0,28013306,3046483,883127,31134,54086580,0,338775,0,0,0,47794235,0,0,0,0,0,0,0,137619090,NA,NA
147,2009,61.74,136.5303027,Niger,NA,1152,172,0,0,348645296,27395,0,0,0,0,1183941,3075204,0,0,0,0,0,0,30801,0,29794687,4606805,1330833,5208,72489468,0,163632,0,0,0,23904379,0,0,0,0,0,0,0,136584958,NA,NA
148,2010,79.61,202.3197645,Niger,NA,150,5866,0,0,240317477,1239,0,0,0,0,1146336,3399903,0,0,0,0,0,0,136361,0,21174160,3758670,2097836,12371,38964416,0,733806,0,0,0,28971624,0,0,0,0,0,0,0,100395483,NA,NA
149,2011,111.26,229.7191412,Niger,6.712328767,0,255,0,0,670040686,18371,0,0,0,0,1319520,2380133,0,0,0,0,0,0,31548,0,19658770,4821430,2300079,0,41720282,0,1306529,0,0,0,35604139,0,0,0,0,0,0,0,109142430,272587000,0.400394846
150,2012,111.63,191.0341399,Niger,20,2421,176,0,0,664083061,53674,0,0,0,0,5347229,4493993,0,0,0,0,0,0,14236,3381015,21382761,84347792,2151895,0,116878718,0,1114070,0,0,0,83630611,0,0,0,0,0,0,0,322742320,814899000,0.396051928
151,2013,108.56,182.901893,Niger,20,201,4848,0,0,659383108,3337,0,0,2316,0,4481873,3572020,0,0,0,20698,0,118165215,888566,10380387,1871532,71050833,2505568,0,126269080,0,184798,0,0,0,91875997,0,0,0,0,0,0,0,431268883,792488000,0.544196105
152,1999,NA,NA,Nigeria,0,0,0,0,0,0,0,0,0,0,8.70E+07,0,0,6.03E+09,0,0,2.60E+07,0,7.60E+08,0,0,0,72523334.03,0,0,5.20E+07,0,0,0,0,0,8.98E+08,0,0,0,0,0,0,0,7929523334,NA,NA
153,2000,28.66,62.69880178,Nigeria,2165,0,0,0,0,0,0,0,0,0,0,0,0,1.05E+10,0,0,2.20E+07,0,3.35E+09,0,0,0,65804545.33,0,0,0,0,0,0,0,0,1.79E+09,0,0,0,0,0,0,0,15688804545,22647848500,0.692728254
154,2001,24.46,56.26818468,Nigeria,2256.156164,17732153672,541791,0,0,1378915,1249581,0,0,0,1.37E+08,0,0,1.00E+10,0,0,2.90E+07,0,3734071363,0,0,0,79041769.58,0,0,8.90E+07,0,0,0,0,0,1.78E+09,0,0,0,0,0,0,0,15869113133,20142736617,0.787833026
155,2002,24.99,54.31961263,Nigeria,2117.863014,16597958510,217161,0,0,0,549573,0,0,0,3.70E+07,0,0,8.30E+09,0,0,2.10E+07,0,1.81E+09,0,0,0,99601107.16,0,0,3.80E+07,0,0,0,0,0,1.37E+09,0,0,0,0,0,0,0,11672601107,19317769803,0.60424165
156,2003,28.85,60.70570998,Nigeria,2275.000397,23211162021,3973974,0,0,0,1142636,0,0,0,2.35E+08,241462947.6,0,1.12E+10,0,0,2.30E+07,0,3.28E+09,0,0,0,107904740.6,0,0,0,0,0,0,0,0,1.93E+09,0,0,0,0,0,0,0,16976367688,23956322931,0.708638289
157,2004,38.26,81.70468166,Nigeria,2328.962,0,0,0,0,0,0,0,0,0,3.27E+08,7.50E+07,0,1.68E+10,0,0,2.10E+07,0,6432765621,0,0,0,87651174.96,0,0,7.50E+07,0,0,0,0,0,2.83E+09,0,0,0,0,0,0,0,26674416796,32523721434,0.820152665
158,2005,54.57,100,Nigeria,2627.438356,0,0,0,0,0,0,0,0,0,155317000,0,0,12313852000,5424306889,0,28909000,0,10595279782,0,207282000,0,84149796.87,0,0,199296931.4,51340.14285,0,0,0,0,4679468000,0,0,0,0,0,0,0,33687912740,52333448547,0.643716661
159,2006,65.16,156.1961728,Nigeria,2439.863014,54915839438,44164155,0,0,1465188,2193716,0,0,0,985121000,0,0,27176614000,0,0,0,0,10887215000,0,0,0,89596000,0,0,567418000,0,0,0,0,0,4418118000,0,0,0,0,0,0,0,44124082000,58028238007,0.760389829
160,2007,72.44,183.3122475,Nigeria,2349.643836,50149245693,3683977,0,0,21730285,1640448,0,0,0,510243000,0,0,29200960000,0,0,0,0,8381097000,0,842957000,0,216251000,145876.0608,0,716566000,0,63475742.61,0,0,0,3900931881,0,0,0,0,0,0,0,43832627500,62125992810,0.705544097
161,2008,96.94,169.0130834,Nigeria,2165.439891,74832133207,16343,0,0,13033038,5318659,0,0,0,45254000,0,0,47794362000,0,0,0,0,11290727000,0,0,0,398111000,389765.0705,0,913639000,0,76905293.34,0,0,0,5468388012,0,0,0,0,0,0,0,65987776070,76619976207,0.86123462
162,2009,61.74,136.5303027,Nigeria,2208.311288,42212038172,4210771,0,0,6886121,3484373,0,0,0,5.00E+06,0,0,17610946000,0,0,19300000,0,5797924000,0,879839000,0,1289346000,1683889.543,0,874711000,0,124411544,0,0,0,2613039991,0,0,0,0,0,0,0,29216201424,49764515706,0.587089033
163,2010,79.61,202.3197645,Nigeria,2458.027397,60904645725,103386,0,0,8743158,3939132,0,0,0,0,0,0,27635021000,0,0,17873000,0,9151573000,0,1427512000,0,910620000,1638752.339,0,775105000,0,108260259.6,0,0,0,3934069528,0,0,0,0,0,0,0,43961672540,71424499792,0.615498501
164,2011,111.26,229.7191412,Nigeria,2523.750685,90118895358,24509296,0,0,85436550,8856300,0,0,0,216146000,0,0,36724118000,0,0,22487000,0,19466980000,0,2537503000,0,1005030000,2870581.792,0,806516000,191189,165447289.6,0,0,0,6136437059,0,0,0,0,0,0,0,67083726119,1.02489E+11,0.654543941
165,2014,98.97,164.3753612,Nigeria,2397.178082,75033422632,0,0,0,26683156,14750613,0,0,38875000,142249000,1015746877,0,26637031000,0,0,0,0,15697977000,18693000,1420406000,0,778931342,5085686.57,0,1330566830,0,288483000,0,0,0,6446132000,0,0,0,0,0,0,0,53820176735,86595780893,0.621510381
166,2008,96.94,169.0130834,Norway,2457.702186,66869144717,513675311,0,0,159213355,755953270,0,0,0,0,0,0,0,0,0,672235584,0,0,0,3091240876,0,0,336045985,0,43709538321,0,0,0,0,0,0,0,0,0,0,0,0,28361337409,76170398175,86961122217,0.875913238
167,2009,61.74,136.5303027,Norway,2344.356164,39931829357,582853585,0,0,121101796,353240675,0,0,0,0,0,0,0,0,0,374122937,0,0,0,2555940594,0,0,242565017,0,27266322277,0,0,0,0,0,0,0,0,0,0,0,0,16005239604,46444190429,52830300591,0.879120314
168,2010,79.61,202.3197645,Norway,2137.833877,47778768712,858304307,0,0,209135644,560353524,0,0,0,0,0,0,0,0,0,364427273,0,0,0,2118677686,0,0,227168099,0,25721014380,0,0,0,0,0,0,0,0,0,0,0,0,17119280992,45550568430,62120428556,0.733262302
169,2011,111.26,229.7191412,Norway,2040.768123,59315040594,1019490876,0,0,362566159,554670834,0,0,0,0,0,0,0,0,0,396474107,0,0,0,2384285714,0,0,270945357,0,36774362143,0,0,0,0,0,0,0,0,0,0,0,0,22872038214,62698105535,82875389398,0.756534672
170,2012,111.63,191.0341399,Norway,1917.460016,54655852955,1140970578,0,0,569434336,482188055,0,0,0,0,0,0,0,0,0,388836380,0,0,0,2394310345,0,0,306967759,0,39426007867,0,0,0,0,0,0,0,0,0,0,0,0,25332757931,67848880282,78126812479,0.86844552
171,2013,108.56,182.901893,Norway,1838.135247,49721219647,1465986063,0,0,478217586,475610067,0,0,0,0,0,0,0,0,0,538999152,0,0,0,2444237288,0,0,288142881,0,34153184407,0,0,0,0,0,0,0,0,0,0,0,0,21156822203,58581385931,72835006281,0.804302614
172,2014,98.97,164.3753612,Norway,1888.729767,46255258996,904462049,0,0,432411606,510314615,0,0,0,0,0,0,0,0,0,725268570,0,0,0,3593519415,0,0,243710468,0,26983884225,0,0,0,0,0,0,0,0,0,0,0,0,17624507053,49170889731,68228568540,0.7206789
173,2015,52.32,126.5737353,Norway,1948.020178,25351718008,454298865,0,0,238269376,458575016,0,0,0,0,0,0,0,0,0,610881482,0,0,0,1905151166,0,0,192092174,0,12840446005,0,0,0,0,0,0,0,0,0,0,0,0,11597756846,27146327673,37200951735,0.729721322
174,2004,38.26,81.70468166,Peru,94.42025137,111167834,1098662100,0,0,2525770283,4511258,0,0,0,0,0,0,0,0,0,0,0,607342929,0,0,0,0,4302143,0,38547320,0,0,0,0,0,235751180,0,0,0,0,0,0,0,885943572,1318569368,0.671897583
175,2005,54.57,100,Peru,111.5946959,186898411,1737553027,0,0,3835340326,7647943,0,0,0,0,0,0,0,0,0,0,0,1201903053,0,0,0,0,4908196,0,125309837,0,0,0,0,0,425642405,0,0,0,0,0,0,0,1757763491,2222748733,0.790806205
176,2006,65.16,156.1961728,Peru,115.9811534,488145734,2191886279,0,0,6295661878,11824953,0,0,0,0,0,0,0,0,0,0,0,2230554457,0,0,0,0,5442847,0,135501145,0,0,0,0,0,553679870,0,0,0,0,0,0,0,2925178319,2758426164,1.060451919
177,2007,72.44,183.3122475,Peru,114.7690685,620466960,2752858823,0,0,8964668469,16690145,0,0,0,0,0,0,0,0,0,0,0,2344401551,0,0,0,0,6196811,0,121498794,0,0,0,0,0,649897262,0,0,0,0,0,0,0,3121994418,3034563033,1.028811853
178,2008,96.94,169.0130834,Peru,120.7284781,587458843,3376819520,0,0,8579771476,67876925,0,0,0,0,0,0,0,0,0,0,0,0,0,0,0,0,7757551,0,2493228785,0,0,0,0,0,1072711021,0,0,0,0,0,0,0,3573697357,4271747813,0.836589029
179,2009,61.74,136.5303027,Peru,146.4795068,353214315,2210022502,0,0,6762997644,53388010,0,0,0,0,0,0,0,0,0,0,0,0,0,0,0,0,7450388,0,2115470540,0,0,0,0,0,842448838,0,0,0,0,0,0,0,2965369766,3300930334,0.898343638
180,2010,79.61,202.3197645,Peru,159.3588027,505068044,2689561504,0,0,10263961076,73809829,0,0,0,0,0,0,0,0,0,0,0,0,0,0,0,0,8716090,0,3010091532,0,0,0,0,0,1339340031,0,0,0,0,0,0,0,4358147653,4630592313,0.941164188
181,2011,111.26,229.7191412,Peru,155.3219178,574246159,3664943458,0,0,13165155514,93811755,0,0,0,0,0,0,0,0,0,0,0,160475839,0,0,0,0,13160928,0,3640693675,0,0,0,0,0,2070026570,0,0,0,0,0,0,0,5884357012,6307607550,0.932898403
182,2012,111.63,191.0341399,Peru,155.9819563,578624165,3675693479,0,0,13375127394,32890274,0,0,0,0,0,0,0,0,0,0,0,590923771,0,0,0,0,12617772,0,2997833285,0,0,0,0,0,1879478413,0,0,0,0,0,0,0,5480853241,6355477010,0.862382671
183,2013,108.56,182.901893,Peru,170.515537,537895524,3355453227,0,0,11516606265,52536564,0,0,0,0,0,0,0,0,0,0,0,426948812,0,0,0,0,11238107,0,3017481964,0,0,0,0,0,2055817921,0,0,0,0,0,0,0,5511486804,6756575844,0.815721888
184,2014,98.97,164.3753612,Peru,175.6243699,496337220,3017554057,0,0,10558451342,160228567,0,0,0,0,0,0,0,0,0,0,0,299118649,0,0,0,0,8905102,0,2082270845,0,0,0,0,0,1803717556,0,0,0,0,0,0,0,4194012152,6344263519,0.661071555
185,2007,72.44,183.3122475,Republic of the Congo,214.1707397,5294576197,3585,0,0,0,1390982,0,0,0,13491208,0,0,36164544,0,0,0,0,0,0,0,0,0,0,0,8834834,0,0,0,0,0,285513234,2793617,0,0,0,0,0,0,346797437,5662802860,0.061241305
186,2008,96.94,169.0130834,Republic of the Congo,240.2704918,7486777223,23459,0,0,15610,304020,0,0,0,0,0,0,53035249,3913350813,0,0,0,0,0,0,0,0,0,0,51392336,0,0,0,0,0,341257671,3241245,0,0,0,0,0,0,4362277314,8501514838,0.51311765
187,2009,61.74,136.5303027,Republic of the Congo,274.860274,5550099194,8491727,0,0,10629,471868,0,0,0,3081026,0,0,35628423,1858465340,0,0,0,0,0,0,0,0,0,0,53120705,0,0,0,0,0,221413895,5218473,0,0,0,0,0,0,2176927862,6194003761,0.351457304
188,2010,79.61,202.3197645,Republic of the Congo,312,4481123697,19207966,0,0,9302,451042,0,0,0,0,0,1086776,143312315,2819451533,0,0,0,0,383657,0,0,16517875,0,0,49786319,0,0,0,0,0,82619673,1479168,0,0,0,0,0,0,3114637316,9065986800,0.343551936
189,2011,111.26,229.7191412,Republic of the Congo,299,10496449391,10214,0,0,6155,4585979,0,0,0,34039400,3780811,0,206858052,5105082698,0,0,0,0,3759513,12666244,0,12439329,441034,0,77190931,0,0,0,0,529620,1769523,5373872,0,0,0,0,0,0,5463931027,12142360100,0.44998921
190,2012,111.63,191.0341399,Republic of the Congo,292,5779548991,18570,0,0,194517,2018996,0,0,0,39630000,8189000,0,158001000,5808440000,0,0,0,0,243000,0,0,12667000,1200000,0,60610000,0,0,0,0,0,1714000,3986000,0,0,0,0,0,0,6094680000,11897525400,0.512264508
191,2013,108.56,182.901893,Republic of the Congo,270,7666889629,0,0,0,493096,499082,0,0,0,61088000,2981000,0,139410000,5444457198,0,0,0,0,9171000,0,0,41786000,430000,0,76179000,0,1935000,0,0,0,2428000,5070000,0,0,0,2276000,0,0,5787211198,10698588000,0.540932242
192,2003,28.85,60.70570998,Sao Tome and Principe,NA,0,0,0,0,0,1024,0,0,0,0,0,0,0,0,0,0,0,0,0,0,0,0,0,0,0,0,0,0,0,0,0,0,0,0,0,0,0,0,0,NA,NA
193,2004,38.26,81.70468166,Sao Tome and Principe,NA,0,0,0,0,0,0,0,0,0,0,0,0,0,0,0,0,0,0,0,0,0,0,0,0,0,0,0,0,0,0,0,0,0,0,0,0,0,0,0,NA,NA
194,2005,54.57,100,Sao Tome and Principe,NA,0,0,0,0,0,0,0,0,0,37764997,1.00E+05,0,0,0,0,0,0,0,0,0,0,0,0,0,0,0,0,0,0,0,0,0,0,0,0,0,0,0,37864997,NA,NA
195,2006,65.16,156.1961728,Sao Tome and Principe,NA,0,0,0,0,0,0,0,0,0,0,660000,0,0,0,0,0,0,0,0,0,0,0,0,0,0,0,0,0,0,0,0,0,0,0,0,0,0,0,660000,NA,NA
196,2007,72.44,183.3122475,Sao Tome and Principe,NA,0,0,0,0,0,48,0,0,0,13600000,660000,0,0,0,0,0,0,0,0,0,0,0,0,0,0,0,0,0,0,0,0,0,0,0,0,0,0,0,14260000,NA,NA
197,2008,96.94,169.0130834,Sao Tome and Principe,NA,0,0,0,0,0,0,0,0,0,0,660000,0,0,0,0,0,0,0,0,0,0,0,0,0,0,0,0,0,0,0,0,0,0,0,0,0,0,0,660000,NA,NA
198,2009,61.74,136.5303027,Sao Tome and Principe,NA,0,0,0,0,0,370,0,0,0,0,660000,0,0,0,0,0,0,0,0,0,0,0,0,0,0,0,0,0,0,0,0,0,0,0,0,0,0,0,660000,NA,NA
199,2010,79.61,202.3197645,Sao Tome and Principe,NA,0,0,0,0,0,0,0,0,1.00E+05,0,1.00E+05,0,0,0,0,0,0,0,0,0,0,0,0,0,0,0,0,0,0,0,0,0,0,0,0,0,0,0,2.00E+05,NA,NA
200,2011,111.26,229.7191412,Sao Tome and Principe,NA,0,0,0,0,0,0,0,0,0,2.00E+06,660000,0,0,0,0,0,0,0,0,0,0,0,0,0,0,0,0,0,0,0,0,0,0,0,0,0,0,0,2660000,NA,NA
201,2012,111.63,191.0341399,Sao Tome and Principe,NA,0,0,0,0,0,0,0,0,0,2.00E+06,1.00E+05,0,0,0,0,0,0,0,0,0,0,0,0,0,0,0,0,0,0,0,0,0,0,0,0,0,0,0,2100000,NA,NA
202,2013,108.56,182.901893,Sao Tome and Principe,NA,0,0,0,0,0,0,0,0,0,5.00E+06,0,0,0,0,0,0,0,0,0,0,0,0,0,0,0,0,0,0,0,0,0,0,0,0,0,0,0,0,5.00E+06,NA,NA
203,2014,98.97,164.3753612,Sao Tome and Principe,NA,0,0,0,0,0,224,0,0,8000,0,1126006,0,0,0,0,0,0,0,0,0,0,0,110000,0,0,0,36000,0,0,0,0,0,0,0,0,0,0,0,1280006,NA,NA
204,2006,65.16,156.1961728,Sierra Leone,NA,0,0,0,0,0,0,0,0,35000,0,45356,555670,0,0,0,0,0,0,0,0,0,0,1577052,0,79497,393836,0,0,0,0,3826551,0,0,0,0,0,0,0,6512962,NA,NA
205,2007,72.44,183.3122475,Sierra Leone,NA,0,0,0,0,0,0,0,0,35000,0,85779,1050843,0,0,0,0,0,0,0,0,0,0,1304263,0,668907,327750,2833,0,0,0,5669454,0,0,0,0,0,0,0,9144829,NA,NA
206,2008,96.94,169.0130834,Sierra Leone,NA,0,0,0,0,0,0,0,0,0,0,608545,0,0,0,0,0,0,0,0,0,0,0,1291462,0,0,657882,0,0,0,0,443956,0,0,2025720,0,0,0,0,5027565,NA,NA
207,2009,61.74,136.5303027,Sierra Leone,NA,0,0,0,0,0,0,0,0,0,0,250000,0,0,0,0,0,0,0,0,0,0,0,1791813,0,121504,1071410,0,0,0,0,1612625,0,0,1028426,0,0,0,0,5875778,NA,NA
208,2010,79.61,202.3197645,Sierra Leone,NA,0,0,0,0,0,0,0,0,0,0,624970,0,0,0,0,0,0,0,0,0,0,0,2804946,0,170900,700555,0,0,0,0,1715780,0,0,1569641,0,0,0,0,7586792,NA,NA
209,2011,111.26,229.7191412,Sierra Leone,NA,0,0,0,0,0,0,0,0,43991,13900000,730202,0,0,0,0,0,0,0,0,0,0,0,4827061,0,573626,1308253,0,0,0,0,3075705,0,0,3162568,0,0,0,0,27621406,NA,NA
210,2013,108.56,182.901893,Sierra Leone,NA,0,0,0,0,0,0,0,0,1727198,8650000,2208110,0,0,0,0,0,0,0,0,0,0,0,19176633,0,1250180.29,1615962,0,0,0,0,37761162,0,0,2578477,0,0,0,0,74967722.29,NA,NA
211,2008,96.94,169.0130834,Timor-Leste,100,0,0,0,0,0,0,0,0,2995000,0,0,0,0,0,0,0,0,0,0,0,0,0,23840,0,0,0,880709827,0,0,0,1624803871,1040000,0,0,0,0,0,0,2509572538,3538310000,0.709257396
212,2009,61.74,136.5303027,Timor-Leste,94.79178082,0,0,0,0,0,0,0,0,3064000,0,0,0,0,0,0,0,0,0,0,0,0,0,620990,0,0,0,650220161,0,0,0,1109024844,960000,0,0,0,0,0,0,1763889995,2136142260,0.825736201
213,2010,79.61,202.3197645,Timor-Leste,87.9890411,0,0,0,0,0,0,0,0,3064000,0,0,0,0,0,0,0,0,377246383,0,0,0,34575091,7337865,0,458394948,0,0,0,0,0,1241249790,960000,0,0,0,0,0,0,2122828077,2556754760,0.830282243
214,2011,111.26,229.7191412,Timor-Leste,83.74246575,0,0,0,0,0,0,0,0,3069000,0,0,0,0,0,0,0,0,569338573,0,0,0,16196460,7978400,0,675210945,0,0,0,0,0,2121469995,960000,0,0,0,0,0,0,3394223373,3400773160,0.99807403
215,2012,111.63,191.0341399,Timor-Leste,79.49453552,0,0,0,0,0,0,0,0,4897750,0,0,0,0,0,0,0,0,0,266067076,0,0,17998392,242625,0,1307478941,0,0,0,0,0,2174665768,9594400,0,0,0,0,0,0,3780944952,3239000875,1.167318287
216,2013,108.56,182.901893,Timor-Leste,79.25753425,0,0,0,0,0,84095,0,0,3983200,0,0,0,0,0,0,0,0,0,17194540,0,0,17607462,35063,0,1106827371,0,0,0,0,0,2088389050,9167200,0,0,0,0,0,0,3243203886,3140532240,1.032692435
217,2014,98.97,164.3753612,Timor-Leste,74.23287671,0,0,0,0,0,0,0,0,3339350,0,0,0,0,0,0,0,18444061.99,297302142,0,0,0,29645349.67,0,0,372781316,0,0,0,0,0,1133610094,7163200,0,0,0,0,0,0,1862285514,2681592150,0.69447008
218,2005,54.57,100,Yemen,400.1455425,4754225829,0,0,0,10639,1066731,0,0,32067122,2500000,3300000,0,4614963973,1666618,0,0,0,13657262,0,0,0,0,0,0,0,0,0,0,0,0,0,0,0,0,0,0,0,0,4668154975,7970118923,0.585707067
219,2006,65.16,156.1961728,Yemen,374.9071534,5637526037,1312974,0,0,24115,2258245,0,0,34255557,1150000,3650000,0,5022000432,1668355,0,0,0,58307909,0,0,0,0,0,0,1319016,0,0,0,0,0,0,0,0,0,0,0,0,0,5122351269,8916566792,0.574475736
220,2007,72.44,183.3122475,Yemen,318.6921342,4972805485,860375,133478,0,138485,1439330,0,0,31468728,3755000,3300000,0,5247509519,2214817,0,0,0,40035278,2795033,0,0,0,0,0,0,0,0,0,0,0,0,0,0,0,0,0,0,0,5331078375,8426411244,0.632662971
221,2008,96.94,169.0130834,Yemen,298.3293415,5879904021,386250,37444,0,201590,183205,0,0,49210774,32300000,7899838,0,7359262545,2277399,0,0,0,113543795,12090215,0,0,0,0,0,0,0,0,0,0,0,0,1501380,0,0,0,0,0,0,7578085946,10555816923,0.717906156
222,2009,61.74,136.5303027,Yemen,285.1566192,5034531269,229470,0,0,20065,94725,822,0,55046374,2500000,7600000,0,3525723947,2886225,0,0,0,21006283,18226305,0,0,0,12361,0,0,0,0,0,0,0,0,1465380,0,0,10601765,0,0,0,3645068640,6426032929,0.567234666
223,2010,79.61,202.3197645,Yemen,279.9965753,4517788897,0,41,0,12886,1087760,8293,0,62913428,0,6872000,0,4838164966,2357777,0,0,0,56294970,1356506,0,0,0,5239356,0,15615301,84075000,0,0,0,0,12910000,1188135,0,0,0,0,0,0,5086987439,8136042486,0.625241012
224,2011,111.26,229.7191412,Yemen,216.3890411,4480390019,176058,36008,0,1749425,961345,463173,0,54290000,5.00E+05,13010000,0,5170903000,2419000,0,0,0,60560000,3749000,0,0,0,13942000,0,0,154877000,12162000,0,0,0,25137000,0,0,0,0,0,0,0,5511549000,8787537320,0.627200636
225,2008,96.94,169.0130834,Zambia,NA,0,481852921,0,0,770302294,426953873,0,0,383776,0,1829937,172719962,0,0,0,0,654195,33675040,0,0,0,33782295,8859,0,115013281,0,0,0,0,0,63560299,0,0,33623379,0,5475011,0,0,460726034,NA,NA
226,2009,61.74,136.5303027,Zambia,NA,68,430834328,0,0,482972643,339321928,0,0,23630,0,2120510,147414868,0,0,0,0,210085,0,0,0,0,48740358,77441,0,81124453,0,21035921,0,0,0,55480558,0,0,0,0,7014025,0,0,363241849,NA,NA
227,2010,79.61,202.3197645,Zambia,NA,1031,508785137,0,0,523616836,841439145,0,0,19951,0,3095642,130660521,0,0,0,0,546567,0,0,0,0,126432561,72969,0,258096027,0,21815511,0,0,0,81501596,0,0,0,0,9161391,0,0,631402736,NA,NA
228,2011,111.26,229.7191412,Zambia,NA,54613,335384993,0,0,202754042,942740352,0,0,468519,0,6147325,204136831,0,0,0,0,1931481,106663992,0,0,21693416,40926543,609877,0,677586214,0,21018724,0,0,0,301636214,0,0,1646,0,9526749,0,0,1392347531,NA,NA
229,2012,111.63,191.0341399,Zambia,NA,0,543930522,0,0,71439321,1039231536,0,0,263800,0,268090,341282194,0,0,0,0,4236183,0,0,0,46056174,61876831,884704,0,538830204,0,28690244,0,0,0,291305069,0,0,357443,0,15119283,0,0,1329170219,NA,NA
230,2013,108.56,182.901893,Zambia,NA,47612,89050367,0,0,94094274,1560439054,0,0,182155,0,1684055,496373632,0,0,0,0,4110746,0,0,0,46535606,80158749,1512652,0,244822042,0,29567859,0,0,0,319839422,0,0,1484894,0,12430901,0,0,1238702713,NA,NA
231,2014,98.97,164.3753612,Zambia,NA,95018,179450367,0,0,57871195,1425028246,0,0,0,0,0,414097335,0,0,0,0,0,0,0,0,123260107,142697113,5142163,0,311208490,15466477,72456921,0,0,0,295825247,0,0,3481904,0,0,0,0,1383635757,NA,NA
232,2015,52.32,126.5737353,Zambia,NA,24158,394424584,0,0,27307533,613071298,0,0,0,0,0,180205352,0,0,0,0,1285202,0,0,3504051,3200000,91919292,1562891,0,137669827,9612716,14316975,0,0,0,423191263,0,0,662841,0,64320,0,0,867194730,NA,NA